game_id,match_datetime,round,team_id,team,opponent_id,opponent,home,row_type,player_id,player_code,player_num,player_name,player_surname,starter,min,sec,pts,fg2m,fg2a,fg3m,fg3a,ftm,fta,oreb,dreb,reb,ast,stl,tov,blk,blk_against,pf,pf_drawn,tech_fouls,flagrant_fouls,dunks,val,oer,plus_minus
25600,2026-09-27T16:00:00.000+02:00,1,1751,Armani Olimpia Milano,1767,Pallacanestro Trieste,1,player,854,BUR-JAS-97,0,Jason,BURNELL,1,26,1560,20,4,7,3,6,3,4,4,6,10,3,0,1,1,0,2,5,0,0,1,29,1.25,9
25600,2026-09-27T16:00:00.000+02:00,1,1751,Armani Olimpia Milano,1767,Pallacanestro Trieste,1,player,9031,COL-RJ-99,2,R.J.,COLE,0,24,1440,11,1,4,3,4,0,0,0,0,0,1,0,0,0,0,5,1,0,0,0,4,1.375,4
25600,2026-09-27T16:00:00.000+02:00,1,1751,Armani Olimpia Milano,1767,Pallacanestro Trieste,1,player,9378,WRI-MOS-98,5,Moses,WRIGHT,1,22,1320,16,6,13,0,0,4,4,5,2,7,2,0,3,0,2,3,6,0,0,0,16,0.8888889,13
25600,2026-09-27T16:00:00.000+02:00,1,1751,Armani Olimpia Milano,1767,Pallacanestro Trieste,1,player,1775,DIO-OUS-00,6,Ousmane,DIOP,0,13,780,5,2,6,0,0,1,2,4,1,5,3,0,1,0,1,4,1,0,0,0,3,0.625,-4
25600,2026-09-27T16:00:00.000+02:00,1,1751,Armani Olimpia Milano,1767,Pallacanestro Trieste,1,player,5568,TON-STE-93,7,Stefano,TONUT,1,16,960,0,0,1,0,1,0,0,2,5,7,3,0,1,0,0,1,0,0,0,0,6,0,-3
25600,2026-09-27T16:00:00.000+02:00,1,1751,Armani Olimpia Milano,1767,Pallacanestro Trieste,1,player,7405,BOL-LEA-00,10,Leandro,BOLMARO,0,25,1500,11,4,5,0,2,3,4,0,5,5,2,0,3,0,0,1,2,0,0,0,12,0.9166667,4
25600,2026-09-27T16:00:00.000+02:00,1,1751,Armani Olimpia Milano,1767,Pallacanestro Trieste,1,player,5499,THO-DAR-95,13,Darius,THOMPSON,1,18,1080,9,1,3,1,2,4,4,3,0,3,1,2,0,0,0,3,2,0,0,0,11,1.2857143,1
25600,2026-09-27T16:00:00.000+02:00,1,1751,Armani Olimpia Milano,1767,Pallacanestro Trieste,1,player,4692,RIC-GIA-91,17,Giampaolo,RICCI,0,14,840,2,1,1,0,2,0,0,1,5,6,0,1,0,1,0,2,1,0,0,0,7,0.6666667,-4
25600,2026-09-27T16:00:00.000+02:00,1,1751,Armani Olimpia Milano,1767,Pallacanestro Trieste,1,player,2103,FLA-DIE-96,21,Diego,FLACCADORI,0,11,660,2,1,4,0,0,0,2,0,0,0,0,0,0,0,1,0,1,0,0,0,-3,0.4,-7
25600,2026-09-27T16:00:00.000+02:00,1,1751,Armani Olimpia Milano,1767,Pallacanestro Trieste,1,player,6156,HAL-DEV-95,22,Devon,HALL,1,26,1560,7,1,3,1,4,2,2,0,3,3,2,1,2,1,0,2,2,0,0,0,7,0.7,12
25600,2026-09-27T16:00:00.000+02:00,1,1751,Armani Olimpia Milano,1767,Pallacanestro Trieste,1,player,9008,GUD-MAR-95,23,Marko,GUDURIC,0,0,0,0,0,0,0,0,0,0,0,0,0,0,0,0,0,0,0,0,0,0,0,0,0,0
25600,2026-09-27T16:00:00.000+02:00,1,1751,Armani Olimpia Milano,1767,Pallacanestro Trieste,1,player,45,AKE-NIC-95,45,Nicola,AKELE,0,5,300,0,0,0,0,0,0,0,0,0,0,0,0,0,0,0,0,0,0,0,0,0,0,-5
25600,2026-09-27T16:00:00.000+02:00,1,1751,Armani Olimpia Milano,1767,Pallacanestro Trieste,1,team,,,,,,,,,0,,,,,,,0,3,3,,0,0,,,0,0,0,0,,3,,
25600,2026-09-27T16:00:00.000+02:00,1,1751,Armani Olimpia Milano,1767,Pallacanestro Trieste,1,total,,,,,,,200,12000,83,21,47,8,21,17,22,19,30,49,17,4,11,3,4,23,21,0,0,1,95,0.9008818444444445,
25600,2026-09-27T16:00:00.000+02:00,1,1767,Pallacanestro Trieste,1751,Armani Olimpia Milano,0,player,6604,ROS-COL-98,4,Colbey,ROSS,1,27,1620,17,1,4,4,5,3,4,0,1,1,7,2,1,0,0,5,8,0,0,0,24,1.4166667,14
25600,2026-09-27T16:00:00.000+02:00,1,1767,Pallacanestro Trieste,1751,Armani Olimpia Milano,0,player,7614,COS-MAT-07,5,Mattia,COSSUTTA,0,0,0,0,0,0,0,0,0,0,0,0,0,0,0,0,0,0,0,0,0,0,0,0,0,0
25600,2026-09-27T16:00:00.000+02:00,1,1767,Pallacanestro Trieste,1751,Armani Olimpia Milano,0,player,9005,CAN-ABR-02,7,Abramo,CANKA,0,4,240,2,1,1,0,0,0,1,0,1,1,0,0,1,0,0,0,1,0,0,0,2,0.8,-1
25600,2026-09-27T16:00:00.000+02:00,1,1767,Pallacanestro Trieste,1751,Armani Olimpia Milano,0,player,1592,DEA-LUD-18,8,Lodovico,DEANGELI,1,34,2040,8,1,2,2,5,0,0,1,1,2,2,0,2,1,0,4,1,0,0,0,4,0.8888889,-13
25600,2026-09-27T16:00:00.000+02:00,1,1767,Pallacanestro Trieste,1751,Armani Olimpia Milano,0,player,6993,GAL-LAN-91,9,Langston,GALLOWAY,1,30,1800,14,3,11,2,8,2,2,3,3,6,1,3,2,1,2,0,2,0,0,0,9,0.6363636,-6
25600,2026-09-27T16:00:00.000+02:00,1,1767,Pallacanestro Trieste,1751,Armani Olimpia Milano,0,player,4890,RUZ-MIC-93,10,Michele,RUZZIER,0,21,1260,8,0,0,1,4,5,6,1,1,2,2,0,0,0,0,2,3,0,0,0,9,1.1428571,-9
25600,2026-09-27T16:00:00.000+02:00,1,1767,Pallacanestro Trieste,1751,Armani Olimpia Milano,0,player,7616,MAR-EMA-07,11,Emanuele,MARTUCCI,0,0,0,0,0,0,0,0,0,0,0,0,0,0,0,0,0,0,0,0,0,0,0,0,0,0
25600,2026-09-27T16:00:00.000+02:00,1,1767,Pallacanestro Trieste,1751,Armani Olimpia Milano,0,player,949,CAN-FRA-94,13,Francesco,CANDUSSI,1,31,1860,13,3,4,1,4,4,4,2,4,6,0,1,1,0,0,3,4,0,0,0,16,1.1818182,-5
25600,2026-09-27T16:00:00.000+02:00,1,1767,Pallacanestro Trieste,1751,Armani Olimpia Milano,0,player,7617,BRE-LOR-07,16,Lorenzo,BREGANT,0,0,0,0,0,0,0,0,0,0,0,0,0,0,0,0,0,0,0,0,0,0,0,0,0,0
25600,2026-09-27T16:00:00.000+02:00,1,1767,Pallacanestro Trieste,1751,Armani Olimpia Milano,0,player,9390,JON-LAJ-04,25,Lajae,JONES,0,19,1140,10,2,4,2,5,0,0,1,2,3,0,0,2,2,0,5,0,0,0,0,3,0.9090909,13
25600,2026-09-27T16:00:00.000+02:00,1,1767,Pallacanestro Trieste,1751,Armani Olimpia Milano,0,player,7007,MCD-SEA-96,30,Sean,MCDERMOTT,1,32,1920,7,2,4,1,5,0,1,1,6,7,0,1,0,0,1,2,4,0,0,0,9,0.7368421,-6
25600,2026-09-27T16:00:00.000+02:00,1,1767,Pallacanestro Trieste,1751,Armani Olimpia Milano,0,player,7478,PAI-DAV-XX,15,Davide,PAIANO,0,2,120,0,0,0,0,0,0,0,0,0,0,0,0,0,0,0,0,0,0,0,0,0,0,-7
25600,2026-09-27T16:00:00.000+02:00,1,1767,Pallacanestro Trieste,1751,Armani Olimpia Milano,0,team,,,,,,,,,0,,,,,,,3,1,4,,0,0,,,0,0,0,0,,4,,
25600,2026-09-27T16:00:00.000+02:00,1,1767,Pallacanestro Trieste,1751,Armani Olimpia Milano,0,total,,,,,,,200,12000,79,13,30,13,36,14,18,12,20,32,12,7,9,4,3,21,23,0,0,0,80,0.9640659375,
25601,2026-09-27T17:00:00.000+02:00,1,1752,Bertram Derthona Tortona,1769,Tezenis Verona,1,player,7048,HUB-PRE-99,3,Prentiss,HUBB,1,26,1560,13,2,5,2,5,3,3,0,1,1,8,1,2,0,0,0,3,0,0,0,18,0.962963,-1
25601,2026-09-27T17:00:00.000+02:00,1,1752,Bertram Derthona Tortona,1769,Tezenis Verona,1,player,7431,GOR-JUS-98,4,Justin,GORHAM,1,31,1860,14,6,6,0,1,2,2,0,3,3,2,0,2,1,0,2,2,0,0,0,17,1.4,9
25601,2026-09-27T17:00:00.000+02:00,1,1752,Bertram Derthona Tortona,1769,Tezenis Verona,1,player,4268,PEC-AND-97,6,Andrea,PECCHIA,0,18,1080,2,1,2,0,0,0,0,0,2,2,1,1,0,0,0,2,0,0,0,0,3,1,-2
25601,2026-09-27T17:00:00.000+02:00,1,1752,Bertram Derthona Tortona,1769,Tezenis Verona,1,player,75,ALI-AMA-95,7,Amar,ALIBEGOVIC,0,19,1140,10,4,5,0,1,2,3,0,2,2,1,0,3,0,0,3,3,0,0,0,7,0.952381,3
25601,2026-09-27T17:00:00.000+02:00,1,1752,Bertram Derthona Tortona,1769,Tezenis Verona,1,player,7537,DIM-EDO-08,9,Edoardo,DI MEO,0,0,0,0,0,0,0,0,0,0,0,0,0,0,0,0,0,0,0,0,0,0,0,0,0,0
25601,2026-09-27T17:00:00.000+02:00,1,1752,Bertram Derthona Tortona,1769,Tezenis Verona,1,player,656,BOR-GIO,12,Giordano,BORTOLANI,0,18,1080,13,3,4,2,4,1,2,0,1,1,0,1,0,0,0,2,2,0,0,0,11,1.4444444,1
25601,2026-09-27T17:00:00.000+02:00,1,1752,Bertram Derthona Tortona,1769,Tezenis Verona,1,player,9038,OLE-DOM-96,17,Dominik,OLEJNICZAK,1,24,1440,11,4,6,0,0,3,4,2,3,5,1,2,1,0,0,1,3,0,0,0,17,1.2222222,7
25601,2026-09-27T17:00:00.000+02:00,1,1752,Bertram Derthona Tortona,1769,Tezenis Verona,1,player,9351,MAD-DAN-02,21,Dante,MADDOX,1,25,1500,23,5,5,4,6,1,3,0,4,4,2,0,1,0,0,1,4,0,0,0,27,1.7037037,3
25601,2026-09-27T17:00:00.000+02:00,1,1752,Bertram Derthona Tortona,1769,Tezenis Verona,1,player,2313,GAZ-GIU-91,24,Giulio,GAZZOTTI,0,2,120,0,0,0,0,0,0,0,0,0,0,0,0,0,0,0,0,0,0,0,0,0,0,5
25601,2026-09-27T17:00:00.000+02:00,1,1752,Bertram Derthona Tortona,1769,Tezenis Verona,1,player,9006,JAL-KAR-97,35,Karim,JALLOW,1,23,1380,5,2,4,0,0,1,1,2,1,3,2,0,1,0,1,3,4,0,0,1,7,0.9090909,6
25601,2026-09-27T17:00:00.000+02:00,1,1752,Bertram Derthona Tortona,1769,Tezenis Verona,1,player,9009,DUR-ALJ-98,42,Aljami,DURHAM,0,14,840,10,3,3,1,1,1,1,0,3,3,4,0,2,0,0,4,1,0,0,0,12,1.5384615,9
25601,2026-09-27T17:00:00.000+02:00,1,1752,Bertram Derthona Tortona,1769,Tezenis Verona,1,player,1875,EBO-PAU-00,100,Paul,EBOUA,0,0,0,0,0,0,0,0,0,0,0,0,0,0,0,0,0,0,0,0,0,0,0,0,0,0
25601,2026-09-27T17:00:00.000+02:00,1,1752,Bertram Derthona Tortona,1769,Tezenis Verona,1,team,,,,,,,,,0,,,,,,,0,1,1,,0,0,,,0,0,0,0,,1,,
25601,2026-09-27T17:00:00.000+02:00,1,1752,Bertram Derthona Tortona,1769,Tezenis Verona,1,total,,,,,,,200,12000,101,30,40,9,18,14,19,4,21,25,21,5,12,1,1,18,22,0,0,1,120,1.2370296333333333,
25601,2026-09-27T17:00:00.000+02:00,1,1769,Tezenis Verona,1752,Bertram Derthona Tortona,0,player,9350,OLI-MAT-07,0,Matteo,OLIVERI,0,0,0,0,0,0,0,0,0,0,0,0,0,0,0,0,0,0,0,0,0,0,0,0,0,0
25601,2026-09-27T17:00:00.000+02:00,1,1769,Tezenis Verona,1752,Bertram Derthona Tortona,0,player,7411,POS-FED-99,3,Federico,POSER,0,21,1260,9,4,11,0,0,1,2,4,1,5,0,0,0,0,0,4,1,0,0,0,3,0.75,-9
25601,2026-09-27T17:00:00.000+02:00,1,1769,Tezenis Verona,1752,Bertram Derthona Tortona,0,player,6616,MAS-CJ,5,C.J.,MASSINBURG,1,32,1920,17,5,9,1,4,4,6,2,0,2,7,2,1,0,0,1,6,0,0,0,23,1,-11
25601,2026-09-27T17:00:00.000+02:00,1,1769,Tezenis Verona,1752,Bertram Derthona Tortona,0,player,9349,TOB-MIK-94,10,Mike,TOBEY,1,29,1740,19,5,6,3,5,0,0,6,5,11,4,1,1,0,0,3,2,0,0,2,30,1.5833333,2
25601,2026-09-27T17:00:00.000+02:00,1,1769,Tezenis Verona,1752,Bertram Derthona Tortona,0,player,6486,LOR-AND-03,11,Andrea,LORO,1,21,1260,8,1,2,2,6,0,0,1,1,2,1,0,0,0,0,3,0,0,0,1,3,1,-9
25601,2026-09-27T17:00:00.000+02:00,1,1769,Tezenis Verona,1752,Bertram Derthona Tortona,0,player,9407,ZUM-MAT-XX,12,Matteo,ZUMERLE,0,0,0,0,0,0,0,0,0,0,0,0,0,0,0,0,0,0,0,0,0,0,0,0,0,0
25601,2026-09-27T17:00:00.000+02:00,1,1769,Tezenis Verona,1752,Bertram Derthona Tortona,0,player,106,AMB-LOR,14,Lorenzo,AMBROSIN,0,18,1080,11,1,3,3,7,0,0,0,0,0,0,0,1,0,0,1,0,0,0,0,3,1,-2
25601,2026-09-27T17:00:00.000+02:00,1,1769,Tezenis Verona,1752,Bertram Derthona Tortona,0,player,9123,MAN-MAL-07,15,Malick,MANE EL HADJI MAODO,0,2,120,0,0,0,0,0,0,0,0,2,2,0,0,0,0,0,0,0,0,0,0,2,0,-5
25601,2026-09-27T17:00:00.000+02:00,1,1769,Tezenis Verona,1752,Bertram Derthona Tortona,0,player,7412,ZAM-FED-99,18,Federico,ZAMPINI,1,36,2160,15,6,9,0,4,3,3,2,2,4,3,2,2,0,1,1,6,0,0,0,19,0.9090909,-3
25601,2026-09-27T17:00:00.000+02:00,1,1769,Tezenis Verona,1752,Bertram Derthona Tortona,0,player,9408,PAN-FIL-XX,21,Filippo,PANTANO,0,0,0,0,0,0,0,0,0,0,0,0,0,0,0,0,0,0,0,0,0,0,0,0,0,0
25601,2026-09-27T17:00:00.000+02:00,1,1769,Tezenis Verona,1752,Bertram Derthona Tortona,0,player,9340,MEL-RJ-02,22,RJ,MELENDEZ,0,15,900,4,2,3,0,0,0,0,0,0,0,0,0,0,1,0,5,0,0,0,1,-1,1.3333333,1
25601,2026-09-27T17:00:00.000+02:00,1,1769,Tezenis Verona,1752,Bertram Derthona Tortona,0,player,9338,SAM-JER-98,100,Jermaine,SAMUELS,1,26,1560,10,3,7,0,4,4,6,1,4,5,2,1,3,0,0,4,3,0,0,0,4,0.5882353,-4
25601,2026-09-27T17:00:00.000+02:00,1,1769,Tezenis Verona,1752,Bertram Derthona Tortona,0,team,,,,,,,,,0,,,,,,,4,2,6,,0,2,,,0,0,0,0,,4,,
25601,2026-09-27T17:00:00.000+02:00,1,1769,Tezenis Verona,1752,Bertram Derthona Tortona,0,total,,,,,,,200,12000,93,27,50,9,30,12,17,20,17,37,17,6,10,1,1,22,18,0,0,4,90,1.0204991,
25602,2026-09-26T19:30:00.000+02:00,1,1764,Nutribullet Treviso Basket,1761,BC Roma,1,player,969,CAP-ALE-95,0,Alessandro,CAPPELLETTI,0,24,1440,15,4,8,1,2,4,4,0,5,5,9,0,1,0,0,2,2,0,0,0,23,1.1538462,8
25602,2026-09-26T19:30:00.000+02:00,1,1764,Nutribullet Treviso Basket,1761,BC Roma,1,player,9331,CAR-CHI-00,2,Chico,CARTER,1,24,1440,3,0,1,1,1,0,0,2,1,3,3,0,0,0,0,2,2,0,0,0,8,1.5,2
25602,2026-09-26T19:30:00.000+02:00,1,1764,Nutribullet Treviso Basket,1761,BC Roma,1,player,9041,CHA-BRE-96,3,Brekkott,CHAPMAN,1,28,1680,6,1,2,0,3,4,10,0,2,2,3,1,1,2,0,3,8,0,0,0,8,0.5454545,16
25602,2026-09-26T19:30:00.000+02:00,1,1764,Nutribullet Treviso Basket,1761,BC Roma,1,player,4879,RUS-DEW-94,4,DeWayne,RUSSELL,1,28,1680,20,6,10,2,5,2,2,0,1,1,7,3,2,0,2,1,2,0,0,0,21,1.1111111,13
25602,2026-09-26T19:30:00.000+02:00,1,1764,Nutribullet Treviso Basket,1761,BC Roma,1,player,7566,MAN-ALE-08,8,Alessandro,MANFREDOTTI,0,0,0,0,0,0,0,0,0,0,0,0,0,0,0,0,0,0,0,0,0,0,0,0,0,0
25602,2026-09-26T19:30:00.000+02:00,1,1764,Nutribullet Treviso Basket,1761,BC Roma,1,player,3714,MIA-FED-16,11,Federico,MIASCHI,0,7,420,0,0,1,0,2,0,0,0,0,0,0,0,0,0,0,1,0,0,0,0,-4,0,-2
25602,2026-09-26T19:30:00.000+02:00,1,1764,Nutribullet Treviso Basket,1761,BC Roma,1,player,9042,ANI-IKE-98,13,Ike,ANIGBOGU,1,20,1200,13,4,5,0,0,5,7,0,4,4,0,0,1,0,0,4,6,0,0,1,15,1.3684211,10
25602,2026-09-26T19:30:00.000+02:00,1,1764,Nutribullet Treviso Basket,1761,BC Roma,1,player,9332,ALL-GRE-04,19,Gregorio,ALLINEI,0,6,360,0,0,0,0,1,0,0,0,0,0,0,0,0,0,0,1,0,0,0,0,-2,0,6
25602,2026-09-26T19:30:00.000+02:00,1,1764,Nutribullet Treviso Basket,1761,BC Roma,1,player,7607,IAQ-ANT-08,24,Antonio,IAQUINTA,0,0,0,0,0,0,0,0,0,0,0,0,0,0,0,0,0,0,0,0,0,0,0,0,0,0
25602,2026-09-26T19:30:00.000+02:00,1,1764,Nutribullet Treviso Basket,1761,BC Roma,1,player,1189,CHI-MAT-93,26,Matteo,CHILLO,0,13,780,6,0,1,2,3,0,0,2,1,3,0,0,0,0,0,2,0,0,0,0,5,1.5,-5
25602,2026-09-26T19:30:00.000+02:00,1,1764,Nutribullet Treviso Basket,1761,BC Roma,1,player,6191,MAC-JP-95,55,JP,MACURA,1,31,1860,31,8,10,2,6,9,11,2,2,4,1,5,1,0,0,0,5,0,0,1,37,1.3777778,20
25602,2026-09-26T19:30:00.000+02:00,1,1764,Nutribullet Treviso Basket,1761,BC Roma,1,player,9333,CHE-VAL-97,97,Valentine,CHERY,0,19,1140,15,7,8,0,0,1,1,1,3,4,0,0,1,0,0,5,2,0,0,1,14,1.5789474,7
25602,2026-09-26T19:30:00.000+02:00,1,1764,Nutribullet Treviso Basket,1761,BC Roma,1,team,,,,,,,,,0,,,,,,,5,2,7,,0,0,,,0,0,0,0,,7,,
25602,2026-09-26T19:30:00.000+02:00,1,1764,Nutribullet Treviso Basket,1761,BC Roma,1,total,,,,,,,200,12000,109,30,46,8,23,25,35,12,21,33,23,9,7,2,2,21,27,0,0,3,132,1.2669447625,
25602,2026-09-26T19:30:00.000+02:00,1,1761,BC Roma,1764,Nutribullet Treviso Basket,0,player,6138,MAN-NIC-01,1,Niccolò,MANNION,1,28,1680,11,1,3,2,8,3,4,1,2,3,7,0,0,0,1,3,5,0,0,0,13,0.8461538,-24
25602,2026-09-26T19:30:00.000+02:00,1,1761,BC Roma,1764,Nutribullet Treviso Basket,0,player,9385,WAT-PAU-94,3,Paul,WATSON,0,16,960,13,1,1,3,6,2,7,1,0,1,1,0,2,0,0,5,5,0,1,0,5,1.04,0
25602,2026-09-26T19:30:00.000+02:00,1,1761,BC Roma,1764,Nutribullet Treviso Basket,0,player,6258,DAV-COR-97,5,Corey,DAVIS,0,24,1440,8,3,4,0,4,2,2,1,1,2,4,2,1,0,0,2,2,0,0,0,10,0.8,-2
25602,2026-09-26T19:30:00.000+02:00,1,1761,BC Roma,1764,Nutribullet Treviso Basket,0,player,9379,EME-GIO-02,7,Giovanni,EMEJURU,0,11,660,0,0,1,0,0,0,0,0,3,3,0,1,1,0,0,1,0,0,0,0,1,0,-8
25602,2026-09-26T19:30:00.000+02:00,1,1761,BC Roma,1764,Nutribullet Treviso Basket,0,player,9381,FLO-TRE-05,9,Trentyn,FLOWERS,0,5,300,2,0,0,0,1,2,2,0,1,1,1,0,0,0,0,1,1,0,0,0,3,1,3
25602,2026-09-26T19:30:00.000+02:00,1,1761,BC Roma,1764,Nutribullet Treviso Basket,0,player,9384,STE-ERI-99,10,Erik,STEVENSON,0,24,1440,11,1,2,3,7,0,0,0,2,2,3,2,1,0,0,3,0,0,0,0,9,1.1,1
25602,2026-09-26T19:30:00.000+02:00,1,1761,BC Roma,1764,Nutribullet Treviso Basket,0,player,9380,AYA-GER-01,11,Gerald,AYAYI,1,31,1860,17,6,8,1,2,2,2,3,3,6,4,1,2,0,0,4,5,0,0,0,24,1.3076923,-12
25602,2026-09-26T19:30:00.000+02:00,1,1761,BC Roma,1764,Nutribullet Treviso Basket,0,player,5369,STR-ART,12,Arturs,STRAUTINS,1,26,1560,12,2,6,2,6,2,2,3,3,6,2,0,2,0,1,3,1,0,0,0,7,0.8,-8
25602,2026-09-26T19:30:00.000+02:00,1,1761,BC Roma,1764,Nutribullet Treviso Basket,0,player,9386,ODZ-GIA-08,13,Giannis,ODZEBE,0,0,0,0,0,0,0,0,0,0,0,0,0,0,0,0,0,0,0,0,0,0,0,0,0,0
25602,2026-09-26T19:30:00.000+02:00,1,1761,BC Roma,1764,Nutribullet Treviso Basket,0,player,9382,SIM-MAR-99,19,Marko,SIMONOVIC,1,25,1500,20,8,10,1,2,1,2,2,6,8,0,0,3,2,0,4,2,0,0,1,21,1.25,-10
25602,2026-09-26T19:30:00.000+02:00,1,1761,BC Roma,1764,Nutribullet Treviso Basket,0,player,3710,MEZ-AND-98,24,Andrea,MEZZANOTTE,1,9,540,0,0,0,0,0,0,0,1,0,1,0,0,0,0,0,1,0,0,0,0,0,0,-12
25602,2026-09-26T19:30:00.000+02:00,1,1761,BC Roma,1764,Nutribullet Treviso Basket,0,player,9383,IUZ-MIK-02,33,Mike,IUZZOLINO,0,1,60,0,0,0,0,0,0,0,0,0,0,0,0,0,0,0,0,0,0,0,0,0,0,-3
25602,2026-09-26T19:30:00.000+02:00,1,1761,BC Roma,1764,Nutribullet Treviso Basket,0,team,,,,,,,,,0,,,,,,,4,2,6,,0,0,,,0,0,0,0,,6,,
25602,2026-09-26T19:30:00.000+02:00,1,1761,BC Roma,1764,Nutribullet Treviso Basket,0,total,,,,,,,200,12000,94,22,35,12,36,14,21,16,23,39,22,6,12,2,2,27,21,0,1,1,99,1.0179807625000001,
25603,2026-09-26T20:00:00.000+02:00,1,1753,Umana Reyer Venezia,1765,Acqua S.Bernardo Cantù,1,player,6499,MAR-OCT-04,1,Octavio,MARETTO,0,9,540,3,1,1,0,1,1,2,1,1,2,0,0,1,0,0,0,1,0,0,0,3,0.75,-9
25603,2026-09-26T20:00:00.000+02:00,1,1753,Umana Reyer Venezia,1765,Acqua S.Bernardo Cantù,1,player,1670,DEN-GIO-96,5,Giovanni,DE NICOLAO,0,0,0,0,0,0,0,0,0,0,0,0,0,0,0,0,0,0,0,0,0,0,0,0,0,0
25603,2026-09-26T20:00:00.000+02:00,1,1753,Umana Reyer Venezia,1765,Acqua S.Bernardo Cantù,1,player,954,CAN-LEO-97,7,Leonardo,CANDI,1,25,1500,14,1,1,4,6,0,0,0,2,2,1,2,2,0,0,1,2,0,0,0,16,1.5555556,15
25603,2026-09-26T20:00:00.000+02:00,1,1753,Umana Reyer Venezia,1765,Acqua S.Bernardo Cantù,1,player,6648,BOW-KY-97,0,Ky,BOWMAN,0,25,1500,4,2,4,0,2,0,0,2,2,4,1,0,2,0,0,2,0,0,0,1,1,0.5,-9
25603,2026-09-26T20:00:00.000+02:00,1,1753,Umana Reyer Venezia,1765,Acqua S.Bernardo Cantù,1,player,9360,BOA-ENO-03,13,Enoch,BOAKYE,0,20,1200,7,3,7,0,0,1,2,4,5,9,0,0,0,0,0,0,1,0,0,1,12,0.875,-8
25603,2026-09-26T20:00:00.000+02:00,1,1753,Umana Reyer Venezia,1765,Acqua S.Bernardo Cantù,1,player,2852,JAN-GIG-95,14,Giga,JANELIDZE,0,0,0,0,0,0,0,0,0,0,0,0,0,0,0,0,0,0,0,0,0,0,0,0,0,0
25603,2026-09-26T20:00:00.000+02:00,1,1753,Umana Reyer Venezia,1765,Acqua S.Bernardo Cantù,1,player,4214,PAR-JOR-94,22,Jordan,PARKS,1,23,1380,3,1,2,0,1,1,3,0,5,5,2,0,0,0,0,0,4,0,0,0,10,0.6666667,12
25603,2026-09-26T20:00:00.000+02:00,1,1753,Umana Reyer Venezia,1765,Acqua S.Bernardo Cantù,1,player,9363,WAT-GLY-97,30,Glynn,WATSON,1,24,1440,11,3,4,1,4,2,3,0,2,2,6,2,1,0,0,3,3,0,0,0,15,1.047619,12
25603,2026-09-26T20:00:00.000+02:00,1,1753,Umana Reyer Venezia,1765,Acqua S.Bernardo Cantù,1,player,2534,GRE-ERI-91,32,Erick,GREEN,0,14,840,10,2,2,2,4,0,0,0,1,1,1,0,0,0,0,3,0,0,0,0,7,1.6666667,15
25603,2026-09-26T20:00:00.000+02:00,1,1753,Umana Reyer Venezia,1765,Acqua S.Bernardo Cantù,1,player,7079,WIL-KYL-92,33,Kyle,WILTJER,1,27,1620,16,6,11,1,5,1,1,2,2,4,4,0,3,0,0,3,4,0,0,0,13,0.8205128,20
25603,2026-09-26T20:00:00.000+02:00,1,1753,Umana Reyer Venezia,1765,Acqua S.Bernardo Cantù,1,player,6994,GRA-SAH-02,44,Sasha,GRANT,0,13,780,5,1,3,1,2,0,0,0,3,3,1,1,0,0,0,0,1,0,0,0,8,1,-8
25603,2026-09-26T20:00:00.000+02:00,1,1753,Umana Reyer Venezia,1765,Acqua S.Bernardo Cantù,1,player,5481,TES-AME-94,100,Amedeo,TESSITORI,1,20,1200,12,5,5,0,0,2,2,1,4,5,4,2,2,2,0,2,2,0,0,1,23,1.5,20
25603,2026-09-26T20:00:00.000+02:00,1,1753,Umana Reyer Venezia,1765,Acqua S.Bernardo Cantù,1,team,,,,,,,,,0,,,,,,,0,1,1,,0,0,,,0,0,0,0,,1,,
25603,2026-09-26T20:00:00.000+02:00,1,1753,Umana Reyer Venezia,1765,Acqua S.Bernardo Cantù,1,total,,,,,,,200,12000,85,25,40,9,25,8,13,10,28,38,20,7,11,2,0,14,18,0,0,3,109,1.03820208,
25603,2026-09-26T20:00:00.000+02:00,1,1765,Acqua S.Bernardo Cantù,1753,Umana Reyer Venezia,0,player,9012,FLA-SAV-99,1,Savion,FLAGG,1,28,1680,7,2,5,1,4,0,0,2,0,2,4,2,4,0,0,1,0,0,0,0,4,0.5384615,0
25603,2026-09-26T20:00:00.000+02:00,1,1765,Acqua S.Bernardo Cantù,1753,Umana Reyer Venezia,0,player,9342,GRA-HAS-96,3,Hassani,GRAVETT,1,19,1140,10,2,4,1,4,3,3,0,2,2,1,0,2,0,0,2,2,0,0,0,6,0.8695652,-19
25603,2026-09-26T20:00:00.000+02:00,1,1765,Acqua S.Bernardo Cantù,1753,Umana Reyer Venezia,0,player,6619,OKE-LEO-03,8,Leonardo,OKEKE,0,5,300,0,0,1,0,0,0,0,1,1,2,0,0,0,0,0,1,0,0,0,0,0,0,-1
25603,2026-09-26T20:00:00.000+02:00,1,1765,Acqua S.Bernardo Cantù,1753,Umana Reyer Venezia,0,player,3880,MOR-RIC,9,Riccardo,MORASCHINI,0,19,1140,8,1,4,2,3,0,0,0,5,5,1,1,1,0,0,0,0,0,0,0,10,1,5
25603,2026-09-26T20:00:00.000+02:00,1,1765,Acqua S.Bernardo Cantù,1753,Umana Reyer Venezia,0,player,4217,PAR-MAT-01,10,Matteo,PARRAVICINI,0,0,0,0,0,0,0,0,0,0,0,0,0,0,0,0,0,0,0,0,0,0,0,0,0,0
25603,2026-09-26T20:00:00.000+02:00,1,1765,Acqua S.Bernardo Cantù,1753,Umana Reyer Venezia,0,player,9073,VEN-SIM-XX,11,Simone,VENTURA,0,8,480,5,1,2,1,1,0,0,0,1,1,0,0,0,0,0,0,0,0,0,0,5,1.6666667,5
25603,2026-09-26T20:00:00.000+02:00,1,1765,Acqua S.Bernardo Cantù,1753,Umana Reyer Venezia,0,player,9365,MIL-ISA-94,15,Isaiah,MILES,1,18,1080,0,0,1,0,2,0,0,1,1,2,1,0,1,0,0,3,3,0,0,0,-1,0,-20
25603,2026-09-26T20:00:00.000+02:00,1,1765,Acqua S.Bernardo Cantù,1753,Umana Reyer Venezia,0,player,9343,BRO-CHA-96,22,Chad,BROWN,1,18,1080,13,5,7,0,0,3,4,1,3,4,0,0,2,0,0,5,2,0,0,1,9,1.1818182,-18
25603,2026-09-26T20:00:00.000+02:00,1,1765,Acqua S.Bernardo Cantù,1753,Umana Reyer Venezia,0,player,2494,GRA-AND-93,24,Andrejs,GRAZULIS,0,23,1380,8,1,5,2,3,0,0,1,2,3,2,0,0,0,1,3,0,0,0,0,4,1,3
25603,2026-09-26T20:00:00.000+02:00,1,1765,Acqua S.Bernardo Cantù,1753,Umana Reyer Venezia,0,player,3855,MOR-DAV-98,25,Davide,MORETTI,0,20,1200,11,0,2,3,5,2,2,1,1,2,3,0,1,0,0,0,4,0,0,0,15,1.2222222,3
25603,2026-09-26T20:00:00.000+02:00,1,1765,Acqua S.Bernardo Cantù,1753,Umana Reyer Venezia,0,player,5660,UDO-LIA,27,Liam,UDOM,0,19,1140,0,0,3,0,0,0,0,1,2,3,2,0,1,0,0,1,0,0,0,0,0,0,-5
25603,2026-09-26T20:00:00.000+02:00,1,1765,Acqua S.Bernardo Cantù,1753,Umana Reyer Venezia,0,player,1205,CHR-SEM-91,0,Semaj,CHRISTON,1,23,1380,11,5,9,0,1,1,2,1,1,2,2,2,0,0,1,2,3,0,0,0,11,1,-13
25603,2026-09-26T20:00:00.000+02:00,1,1765,Acqua S.Bernardo Cantù,1753,Umana Reyer Venezia,0,team,,,,,,,,,0,,,,,,,2,2,4,,0,0,,,0,0,0,0,,4,,
25603,2026-09-26T20:00:00.000+02:00,1,1765,Acqua S.Bernardo Cantù,1753,Umana Reyer Venezia,0,total,,,,,,,200,12000,73,17,43,10,23,9,11,11,21,32,16,5,12,0,2,18,14,0,0,1,67,1.059841725,
25604,2026-09-27T18:15:00.000+02:00,1,1762,Maxima Roma,1772,Napoli Basketball,1,player,536,BIL-MIR-89,2,Miro,BILAN,1,26,1560,18,5,7,0,0,8,8,6,4,10,1,0,0,0,0,0,9,0,0,0,36,1.6363636,-13
25604,2026-09-27T18:15:00.000+02:00,1,1762,Maxima Roma,1772,Napoli Basketball,1,player,9374,HOL-AAR-96,3,Aaron,HOLIDAY,1,28,1680,10,0,5,2,6,4,4,2,2,4,6,1,4,0,1,4,4,0,0,0,7,0.5882353,-17
25604,2026-09-27T18:15:00.000+02:00,1,1762,Maxima Roma,1772,Napoli Basketball,1,player,9391,TYS-HUN-00,4,Hunter,TYSON,0,8,480,5,1,2,1,2,0,0,0,1,1,0,0,1,0,0,1,0,0,1,0,2,1,-6
25604,2026-09-27T18:15:00.000+02:00,1,1762,Maxima Roma,1772,Napoli Basketball,1,player,76,ALI-MIR-92,5,Mirza,ALIBEGOVIC,0,30,1800,15,0,2,1,3,12,12,0,4,4,2,0,2,0,0,1,6,0,0,0,20,1.1538462,-3
25604,2026-09-27T18:15:00.000+02:00,1,1762,Maxima Roma,1772,Napoli Basketball,1,player,9409,CAR-FRA-XX,8,Francesco,CARNEVALE,0,0,0,0,0,0,0,0,0,0,0,0,0,0,0,0,0,0,0,0,0,0,0,0,0,0
25604,2026-09-27T18:15:00.000+02:00,1,1762,Maxima Roma,1772,Napoli Basketball,1,player,3185,LEM-BRY-95,11,Brynton,LEMAR,0,18,1080,8,0,4,2,5,2,2,0,0,0,1,0,2,0,0,1,3,0,0,0,2,0.6666667,-14
25604,2026-09-27T18:15:00.000+02:00,1,1762,Maxima Roma,1772,Napoli Basketball,1,player,5764,VER-GIO-98,16,Giovanni,VERONESI,1,12,720,0,0,1,0,2,0,0,0,0,0,0,0,2,1,0,3,1,0,0,0,-6,0,-3
25604,2026-09-27T18:15:00.000+02:00,1,1762,Maxima Roma,1772,Napoli Basketball,1,player,9376,BON-FED-99,23,Federico,BONACCINI,0,11,660,5,1,1,1,1,0,0,0,1,1,2,1,1,0,0,3,1,0,0,0,6,1.6666667,0
25604,2026-09-27T18:15:00.000+02:00,1,1762,Maxima Roma,1772,Napoli Basketball,1,player,5913,WHE-CAR-98,24,Carl,WHEATLE,1,21,1260,0,0,2,0,1,0,0,0,1,1,0,0,2,0,0,2,1,0,0,0,-5,0,-17
25604,2026-09-27T18:15:00.000+02:00,1,1762,Maxima Roma,1772,Napoli Basketball,1,player,934,CAM-GOR-18,29,Gora,CAMARA,0,11,660,4,2,2,0,0,0,0,0,0,0,0,0,1,0,0,1,1,0,0,0,3,1.3333333,-2
25604,2026-09-27T18:15:00.000+02:00,1,1762,Maxima Roma,1772,Napoli Basketball,1,player,9377,RYA-MAT-97,32,Matt,RYAN,1,13,780,2,1,2,0,2,0,0,0,0,0,0,0,1,0,0,3,1,0,0,0,-4,0.4,-15
25604,2026-09-27T18:15:00.000+02:00,1,1762,Maxima Roma,1772,Napoli Basketball,1,player,774,BRO-JHO-92,100,John,BROWN,0,22,1320,8,2,3,0,2,4,4,3,4,7,1,4,1,0,0,3,2,0,0,0,15,1,-5
25604,2026-09-27T18:15:00.000+02:00,1,1762,Maxima Roma,1772,Napoli Basketball,1,team,,,,,,,,,0,,,,,,,1,0,1,,0,0,,,1,0,0,0,,0,,
25604,2026-09-27T18:15:00.000+02:00,1,1762,Maxima Roma,1772,Napoli Basketball,1,total,,,,,,,200,12000,75,12,31,7,24,30,30,12,17,29,13,6,17,1,1,23,29,0,1,0,76,1.0494568666666666,
25604,2026-09-27T18:15:00.000+02:00,1,1772,Napoli Basketball,1762,Maxima Roma,0,player,5299,SPI-MAR-95,0,Marco,SPISSU,0,17,1020,1,0,0,0,2,1,1,0,2,2,8,0,2,0,0,3,1,0,0,0,5,0.2222222,7
25604,2026-09-27T18:15:00.000+02:00,1,1772,Napoli Basketball,1762,Maxima Roma,0,player,9355,ZAC-SEL-97,1,Zac,SELJAAS,1,19,1140,2,1,2,0,2,0,0,1,2,3,0,0,1,0,0,4,2,0,0,0,-1,0.4,13
25604,2026-09-27T18:15:00.000+02:00,1,1772,Napoli Basketball,1762,Maxima Roma,0,player,9356,DOW-JEF-97,3,Jeff,DOWTIN,1,29,1740,19,6,7,2,6,1,1,0,4,4,7,0,1,0,0,2,3,0,0,0,25,1.3103448,15
25604,2026-09-27T18:15:00.000+02:00,1,1772,Napoli Basketball,1762,Maxima Roma,0,player,1965,FAG-LEO-04,10,Leonardo,FAGGIAN,0,10,600,5,1,2,1,4,0,0,1,0,1,1,1,2,0,0,0,1,0,0,0,3,0.625,-1
25604,2026-09-27T18:15:00.000+02:00,1,1772,Napoli Basketball,1762,Maxima Roma,0,player,6142,PET-JOH-92,11,John,PETRUCELLI,0,23,1380,11,2,4,1,2,4,6,0,0,0,3,1,1,0,0,3,6,0,0,0,12,1.1,2
25604,2026-09-27T18:15:00.000+02:00,1,1772,Napoli Basketball,1762,Maxima Roma,0,player,7097,SAN-ASS-07,12,Assane,SANKARE,0,6,360,3,0,1,1,1,0,0,0,1,1,0,0,2,0,0,1,1,0,0,0,1,0.75,3
25604,2026-09-27T18:15:00.000+02:00,1,1772,Napoli Basketball,1762,Maxima Roma,0,player,9357,WHI-JAC-97,14,Jack,WHITE,0,24,1440,7,2,4,1,2,0,0,3,1,4,1,1,1,0,0,4,0,0,0,0,5,1,-1
25604,2026-09-27T18:15:00.000+02:00,1,1772,Napoli Basketball,1762,Maxima Roma,0,player,6605,BRO-MAR-92,22,Markel,BROWN,1,22,1320,14,1,1,4,6,0,0,1,4,5,1,3,2,0,0,4,2,0,0,0,17,1.5555556,9
25604,2026-09-27T18:15:00.000+02:00,1,1772,Napoli Basketball,1762,Maxima Roma,0,player,9026,JAK-AND-01,23,Andrej,JAKIMOVSKI,1,24,1440,16,2,6,3,4,3,4,0,2,2,2,0,3,0,1,2,4,0,0,0,12,1.0666667,26
25604,2026-09-27T18:15:00.000+02:00,1,1772,Napoli Basketball,1762,Maxima Roma,0,player,5433,TAR-KAL-93,25,Kaleb,TARCZEWSKI,1,9,540,4,2,2,0,0,0,0,1,1,2,1,0,0,0,0,2,1,0,0,0,6,2,11
25604,2026-09-27T18:15:00.000+02:00,1,1772,Napoli Basketball,1762,Maxima Roma,0,player,6186,CAR-GUG-99,30,Guglielmo,CARUSO,0,17,1020,12,4,4,1,1,1,2,1,5,6,0,0,1,1,0,4,1,0,0,0,14,1.7142857,11
25604,2026-09-27T18:15:00.000+02:00,1,1772,Napoli Basketball,1762,Maxima Roma,0,player,9032,RAM-JAH-01,37,Jahmi'us,RAMSEY,0,0,0,0,0,0,0,0,0,0,0,0,0,0,0,0,0,0,0,0,0,0,0,0,0,0
25604,2026-09-27T18:15:00.000+02:00,1,1772,Napoli Basketball,1762,Maxima Roma,0,team,,,,,,,,,0,,,,,,,0,0,0,,0,1,,,1,0,0,0,,-2,,
25604,2026-09-27T18:15:00.000+02:00,1,1772,Napoli Basketball,1762,Maxima Roma,0,total,,,,,,,200,12000,94,21,33,14,30,10,14,8,22,30,24,6,17,1,1,30,22,0,0,0,97,1.067643181818182,
25605,2026-09-26T20:30:00.000+02:00,1,1760,UNA Hotels Reggio Emilia,1763,Dolomiti Energia Trentino,1,player,314,BAR-JAY-96,0,Jaylen,BARFORD,1,32,1920,22,3,9,4,11,4,6,1,5,6,2,1,3,0,0,1,4,0,0,0,16,0.8461538,-5
25605,2026-09-26T20:30:00.000+02:00,1,1760,UNA Hotels Reggio Emilia,1763,Dolomiti Energia Trentino,1,player,9352,EDW-ROB-97,2,Rob,EDWARDS,0,18,1080,4,1,3,0,1,2,2,0,1,1,1,0,3,0,0,2,1,0,0,0,-1,0.5,-2
25605,2026-09-26T20:30:00.000+02:00,1,1760,UNA Hotels Reggio Emilia,1763,Dolomiti Energia Trentino,1,player,9139,THO-JT-02,4,JT,THOR,0,26,1560,10,3,5,1,5,1,2,1,3,4,2,1,1,1,0,2,1,0,0,1,9,0.8333333,-3
25605,2026-09-26T20:30:00.000+02:00,1,1760,UNA Hotels Reggio Emilia,1763,Dolomiti Energia Trentino,1,player,6640,ROSS-RIC-96,6,Riccardo,ROSSATO,0,26,1560,16,2,5,4,7,0,0,2,1,3,2,2,4,0,0,4,2,0,0,0,11,1,-6
25605,2026-09-26T20:30:00.000+02:00,1,1760,UNA Hotels Reggio Emilia,1763,Dolomiti Energia Trentino,1,player,5823,VIS-RIC,9,Riccardo,VISCONTI,1,7,420,3,0,1,1,1,0,0,0,0,0,0,0,0,0,0,1,1,0,0,0,2,1.5,-5
25605,2026-09-26T20:30:00.000+02:00,1,1760,UNA Hotels Reggio Emilia,1763,Dolomiti Energia Trentino,1,player,7195,MAN-LUC-08,11,Luca,MANFREDOTTI,0,0,0,0,0,0,0,0,0,0,0,0,0,0,0,0,0,0,0,0,0,0,0,0,0,0
25605,2026-09-26T20:30:00.000+02:00,1,1760,UNA Hotels Reggio Emilia,1763,Dolomiti Energia Trentino,1,player,5663,UGL-LOR-94,16,Lorenzo,UGLIETTI,0,15,900,2,1,2,0,1,0,0,0,2,2,3,2,2,0,0,4,1,0,0,0,2,0.4,2
25605,2026-09-26T20:30:00.000+02:00,1,1760,UNA Hotels Reggio Emilia,1763,Dolomiti Energia Trentino,1,player,5125,SEV-LUC-96,20,Luca,SEVERINI,1,25,1500,10,2,3,2,4,0,0,0,1,1,2,1,1,0,0,2,0,0,0,0,8,1.25,6
25605,2026-09-26T20:30:00.000+02:00,1,1760,UNA Hotels Reggio Emilia,1763,Dolomiti Energia Trentino,1,player,6887,FAI-ELH-05,25,Elhadji,FAINKE,0,0,0,0,0,0,0,0,0,0,0,0,0,0,0,0,0,0,0,0,0,0,0,0,0,0
25605,2026-09-26T20:30:00.000+02:00,1,1760,UNA Hotels Reggio Emilia,1763,Dolomiti Energia Trentino,1,player,9036,ECH-JAI-97,26,Jaime,ECHENIQUE,0,15,900,4,2,2,0,0,0,2,1,2,3,1,0,1,0,0,3,4,0,0,0,6,1,-5
25605,2026-09-26T20:30:00.000+02:00,1,1760,UNA Hotels Reggio Emilia,1763,Dolomiti Energia Trentino,1,player,7034,OGB-DER-97,34,Derek,OGBEIDE,1,11,660,2,1,1,0,0,0,0,2,4,6,1,1,1,0,0,4,0,0,0,1,5,1,-6
25605,2026-09-26T20:30:00.000+02:00,1,1760,UNA Hotels Reggio Emilia,1763,Dolomiti Energia Trentino,1,player,9353,SMI-SPE-93,44,Speedy,SMITH,1,25,1500,5,0,1,1,6,2,2,1,2,3,6,1,2,0,0,2,3,0,0,0,8,0.5,-1
25605,2026-09-26T20:30:00.000+02:00,1,1760,UNA Hotels Reggio Emilia,1763,Dolomiti Energia Trentino,1,team,,,,,,,,,0,,,,,,,3,2,5,,1,1,,,0,0,0,0,,5,,
25605,2026-09-26T20:30:00.000+02:00,1,1760,UNA Hotels Reggio Emilia,1763,Dolomiti Energia Trentino,1,total,,,,,,,200,12000,78,15,32,13,36,9,14,11,23,34,20,10,19,1,0,25,17,0,0,2,71,0.88294871,
25605,2026-09-26T20:30:00.000+02:00,1,1763,Dolomiti Energia Trentino,1760,UNA Hotels Reggio Emilia,0,player,9330,BRO-DAR-99,0,Darius,BROWN,1,27,1620,9,2,5,1,4,2,2,2,1,3,4,1,1,0,0,2,3,0,0,0,11,0.8181818,12
25605,2026-09-26T20:30:00.000+02:00,1,1763,Dolomiti Energia Trentino,1760,UNA Hotels Reggio Emilia,0,player,9329,BRO-CHA-97,4,Charles,BROWN,1,25,1500,9,1,1,1,6,4,5,0,6,6,5,2,5,0,0,3,6,0,0,0,14,0.6206897,8
25605,2026-09-26T20:30:00.000+02:00,1,1763,Dolomiti Energia Trentino,1760,UNA Hotels Reggio Emilia,0,player,439,BER-ALE-02,5,Alessandro,BERTINI,0,17,1020,7,2,2,1,3,0,0,1,4,5,1,1,1,0,0,3,1,0,0,0,9,1.1666667,-4
25605,2026-09-26T20:30:00.000+02:00,1,1763,Dolomiti Energia Trentino,1760,UNA Hotels Reggio Emilia,0,player,7279,NIA-CHE-08,7,Cheickh,NIANG,0,15,900,3,0,1,1,4,0,0,0,1,1,0,0,1,0,0,1,1,0,0,0,-1,0.5,-1
25605,2026-09-26T20:30:00.000+02:00,1,1763,Dolomiti Energia Trentino,1760,UNA Hotels Reggio Emilia,0,player,9328,OLI-QUI-01,8,Quincy,OLIVARI,1,29,1740,23,3,6,5,12,2,2,0,7,7,2,1,2,0,0,2,3,0,0,0,22,1.0952381,5
25605,2026-09-26T20:30:00.000+02:00,1,1763,Dolomiti Energia Trentino,1760,UNA Hotels Reggio Emilia,0,player,2148,FOR-TOT-86,10,Toto,FORRAY,0,7,420,0,0,0,0,0,0,0,0,0,0,2,1,1,0,0,0,1,0,0,0,3,0,-5
25605,2026-09-26T20:30:00.000+02:00,1,1763,Dolomiti Energia Trentino,1760,UNA Hotels Reggio Emilia,0,player,7119,CAT-FED-08,11,Federico,CATTAPAN,0,0,0,0,0,0,0,0,0,0,0,0,0,0,0,0,0,0,0,0,0,0,0,0,0,0
25605,2026-09-26T20:30:00.000+02:00,1,1763,Dolomiti Energia Trentino,1760,UNA Hotels Reggio Emilia,0,player,7599,BAR-ANT-08,12,Antonio,BARRA,0,0,0,0,0,0,0,0,0,0,0,0,0,0,0,0,0,0,0,0,0,0,0,0,0,0
25605,2026-09-26T20:30:00.000+02:00,1,1763,Dolomiti Energia Trentino,1760,UNA Hotels Reggio Emilia,0,player,7449,MAW-SEL-98,21,Selom,MAWUGBE,1,23,1380,4,1,2,0,0,2,2,2,1,3,0,1,1,0,0,3,1,0,0,1,4,1,9
25605,2026-09-26T20:30:00.000+02:00,1,1763,Dolomiti Energia Trentino,1760,UNA Hotels Reggio Emilia,0,player,9327,BIG-ISA-00,24,Isaiah,BIGELOW,0,21,1260,13,0,1,1,4,10,12,1,6,7,1,0,4,0,1,2,6,0,0,0,14,0.8666667,5
25605,2026-09-26T20:30:00.000+02:00,1,1763,Dolomiti Energia Trentino,1760,UNA Hotels Reggio Emilia,0,player,378,BAY-JOR-99,26,Jordan,BAYEHE,1,29,1740,11,3,4,1,3,2,2,2,1,3,1,0,2,0,0,1,2,0,0,2,11,1.1,2
25605,2026-09-26T20:30:00.000+02:00,1,1763,Dolomiti Energia Trentino,1760,UNA Hotels Reggio Emilia,0,player,9170,MED-JOS-07,30,Josè Alfred,MEDINA BOUZA,0,7,420,4,0,0,1,2,1,2,0,0,0,0,0,1,0,0,0,1,0,0,0,2,1,-6
25605,2026-09-26T20:30:00.000+02:00,1,1763,Dolomiti Energia Trentino,1760,UNA Hotels Reggio Emilia,0,team,,,,,,,,,0,,,,,,,2,3,5,,2,2,,,0,0,0,0,,5,,
25605,2026-09-26T20:30:00.000+02:00,1,1763,Dolomiti Energia Trentino,1760,UNA Hotels Reggio Emilia,0,total,,,,,,,200,12000,83,12,22,12,38,23,27,10,30,40,16,9,21,0,1,17,25,0,0,3,94,0.9074936666666668,
25606,2026-09-27T19:00:00.000+02:00,1,1766,Openjobmetis Varese,1750,Virtus Costa Bologna,1,player,97,ALV-DAV-96,2,Davide,ALVITI,1,24,1440,14,2,2,3,3,1,2,1,3,4,3,1,1,0,0,3,4,0,0,1,21,2,-4
25606,2026-09-27T19:00:00.000+02:00,1,1766,Openjobmetis Varese,1750,Virtus Costa Bologna,1,player,9337,DUK-DAV-99,3,David,DUKE,1,25,1500,6,2,6,0,2,2,3,0,0,0,3,4,4,0,2,4,3,0,0,0,-1,0.4444444,-8
25606,2026-09-27T19:00:00.000+02:00,1,1766,Openjobmetis Varese,1750,Virtus Costa Bologna,1,player,6556,VIL-MAU-04,5,Mauro,VILLA,0,7,420,2,1,2,0,1,0,2,2,0,2,1,0,0,0,0,1,1,0,0,0,1,0.5,-9
25606,2026-09-27T19:00:00.000+02:00,1,1766,Openjobmetis Varese,1750,Virtus Costa Bologna,1,player,4034,NIK-STE-97,11,Stefan,NIKOLIC,1,26,1560,6,3,3,0,0,0,0,1,0,1,2,1,1,1,0,0,0,0,0,2,10,1.5,-14
25606,2026-09-27T19:00:00.000+02:00,1,1766,Openjobmetis Varese,1750,Virtus Costa Bologna,1,player,9334,HAL-HUN-97,12,Hunter,HALE,1,29,1740,14,2,12,2,10,4,5,0,1,1,2,2,4,1,2,3,3,0,0,1,-5,0.4912281,-20
25606,2026-09-27T19:00:00.000+02:00,1,1766,Openjobmetis Varese,1750,Virtus Costa Bologna,1,player,3207,LIB-MAT-02,13,Matteo,LIBRIZZI,0,18,1080,7,1,2,1,6,2,2,0,2,2,2,1,3,0,0,1,6,0,0,0,8,0.5833333,-12
25606,2026-09-27T19:00:00.000+02:00,1,1766,Openjobmetis Varese,1750,Virtus Costa Bologna,1,player,7428,REN-NAT-96,15,Nate,RENFRO,1,23,1380,8,4,5,0,0,0,0,3,2,5,1,2,1,1,0,2,0,0,0,1,13,1.3333333,-16
25606,2026-09-27T19:00:00.000+02:00,1,1766,Openjobmetis Varese,1750,Virtus Costa Bologna,1,player,7014,KAM-ISM-01,17,Ismael,KAMAGATE,0,11,660,5,2,2,0,0,1,2,2,4,6,1,0,2,0,0,4,1,0,0,0,6,1,-7
25606,2026-09-27T19:00:00.000+02:00,1,1766,Openjobmetis Varese,1750,Virtus Costa Bologna,1,player,7626,KAN-ROB-09,19,Robert,KANGUR,0,1,60,0,0,0,0,0,0,0,0,0,0,0,1,1,0,0,1,0,0,0,0,-1,0,2
25606,2026-09-27T19:00:00.000+02:00,1,1766,Openjobmetis Varese,1750,Virtus Costa Bologna,1,player,9335,ROB-ISA-98,22,Isaiah,ROBY,0,14,840,2,1,2,0,3,0,0,1,0,1,0,0,1,0,0,4,1,0,0,0,-5,0.3333333,-10
25606,2026-09-27T19:00:00.000+02:00,1,1766,Openjobmetis Varese,1750,Virtus Costa Bologna,1,player,3155,LAU-MAX,34,Maximilian,LADURNER,0,1,60,0,0,0,0,0,0,0,0,0,0,0,0,0,0,0,0,0,0,0,0,0,0,1
25606,2026-09-27T19:00:00.000+02:00,1,1766,Openjobmetis Varese,1750,Virtus Costa Bologna,1,player,2790,IKA-IRI-94,35,Iris,IKANGI,0,21,1260,5,1,2,1,5,0,0,0,1,1,2,0,0,0,0,4,0,0,0,0,-1,0.7142857,-8
25606,2026-09-27T19:00:00.000+02:00,1,1766,Openjobmetis Varese,1750,Virtus Costa Bologna,1,team,,,,,,,,,0,,,,,,,1,5,6,,0,1,,,0,0,0,0,,5,,
25606,2026-09-27T19:00:00.000+02:00,1,1766,Openjobmetis Varese,1750,Virtus Costa Bologna,1,total,,,,,,,200,12000,69,19,38,7,30,10,16,11,18,29,17,12,19,3,4,27,19,0,0,5,51,0.88999581,
25606,2026-09-27T19:00:00.000+02:00,1,1750,Virtus Costa Bologna,1766,Openjobmetis Varese,0,player,9367,FRA-TRE-98,1,Trent,FRAZIER,1,22,1320,7,2,2,1,3,0,0,0,0,0,5,0,3,0,0,2,1,0,0,0,6,0.875,13
25606,2026-09-27T19:00:00.000+02:00,1,1750,Virtus Costa Bologna,1766,Openjobmetis Varese,0,player,9368,CAR-MAR-99,2,Marcus,CARR,1,21,1260,11,3,6,1,2,2,2,0,4,4,6,1,1,0,1,1,5,0,0,0,20,1.1,10
25606,2026-09-27T19:00:00.000+02:00,1,1750,Virtus Costa Bologna,1766,Openjobmetis Varese,0,player,1051,CAS-DAV-03,7,Davide,CASARIN,0,9,540,2,0,1,0,0,2,2,0,0,0,1,0,3,0,0,5,1,0,0,0,-5,0.4,9
25606,2026-09-27T19:00:00.000+02:00,1,1750,Virtus Costa Bologna,1766,Openjobmetis Varese,0,player,9371,EVA-KES-00,9,Kessler,EDWARDS,1,23,1380,12,3,3,2,4,0,0,0,6,6,0,1,0,0,0,0,0,0,0,1,17,1.7142857,12
25606,2026-09-27T19:00:00.000+02:00,1,1750,Virtus Costa Bologna,1766,Openjobmetis Varese,0,player,274,BAL-TOM-88,11,Tommaso,BALDASSO,0,22,1320,17,4,5,1,8,6,7,2,3,5,2,2,0,0,1,2,5,0,0,0,19,1.030303,13
25606,2026-09-27T19:00:00.000+02:00,1,1750,Virtus Costa Bologna,1766,Openjobmetis Varese,0,player,6797,BAI-MAT-07,13,Matteo,BAIOCCHI,0,1,60,1,0,0,0,0,1,2,0,0,0,0,1,0,0,0,1,1,0,0,0,1,1,-2
25606,2026-09-27T19:00:00.000+02:00,1,1750,Virtus Costa Bologna,1766,Openjobmetis Varese,0,player,9004,ALS-DER-97,21,Derrick,ALSTON,1,21,1260,17,3,5,2,6,5,5,1,4,5,2,0,3,0,1,1,3,0,0,1,16,1.030303,12
25606,2026-09-27T19:00:00.000+02:00,1,1750,Virtus Costa Bologna,1766,Openjobmetis Varese,0,player,2608,HAC-DAN-87,23,Daniel,HACKETT,0,20,1200,6,0,0,1,2,3,4,3,3,6,3,0,1,0,0,3,3,0,0,0,12,1.2,7
25606,2026-09-27T19:00:00.000+02:00,1,1750,Virtus Costa Bologna,1766,Openjobmetis Varese,0,player,7132,FER-FRA-05,24,Francesco,FERRARI,0,5,300,4,2,3,0,0,0,1,0,0,0,1,0,0,0,0,0,1,0,0,0,4,1.1428571,-2
25606,2026-09-27T19:00:00.000+02:00,1,1750,Virtus Costa Bologna,1766,Openjobmetis Varese,0,player,9043,DIA-ALI-01,31,Aliou,DIARRA,0,15,900,2,0,1,0,0,2,2,1,4,5,0,0,3,1,0,1,3,0,0,0,6,0.4,-1
25606,2026-09-27T19:00:00.000+02:00,1,1750,Virtus Costa Bologna,1766,Openjobmetis Varese,0,player,9372,KLI-BO-03,34,Bo,KLINTMAN,0,21,1260,7,3,3,0,2,1,4,1,4,5,1,3,3,2,0,2,2,0,0,0,10,0.7,8
25606,2026-09-27T19:00:00.000+02:00,1,1750,Virtus Costa Bologna,1766,Openjobmetis Varese,0,player,1774,DIO-MOU-18,35,Mouhamet Rassoul,DIOUF,1,20,1200,4,2,3,0,0,0,0,2,2,4,2,3,2,1,0,1,2,0,0,1,12,0.8,24
25606,2026-09-27T19:00:00.000+02:00,1,1750,Virtus Costa Bologna,1766,Openjobmetis Varese,0,team,,,,,,,,,0,,,,,,,4,3,7,,0,1,,,0,0,0,0,,6,,
25606,2026-09-27T19:00:00.000+02:00,1,1750,Virtus Costa Bologna,1766,Openjobmetis Varese,0,total,,,,,,,200,12000,90,22,32,8,27,22,29,14,33,47,23,11,20,4,3,19,27,0,0,3,124,0.9493957333333333,
25607,2026-09-27T18:00:00.000+02:00,1,1771,APU Old Wild West Udine,1768,Longobardi Scafati Basket,1,player,6189,MOB-JOS-98,3,Joseph,MOBIO,1,18,1080,4,2,2,0,4,0,0,0,3,3,0,3,0,1,0,1,0,0,0,1,6,0.6666667,13
25607,2026-09-27T18:00:00.000+02:00,1,1771,APU Old Wild West Udine,1768,Longobardi Scafati Basket,1,player,6653,SPE-SKY-94,6,Skylar,SPENCER,0,19,1140,4,2,2,0,0,0,0,3,6,9,1,2,1,2,0,1,0,0,0,0,16,1.3333333,24
25607,2026-09-27T18:00:00.000+02:00,1,1771,APU Old Wild West Udine,1768,Longobardi Scafati Basket,1,player,9358,SIS-ZAN-97,11,Zan,SISKO,1,26,1560,9,3,4,1,2,0,0,3,3,6,9,0,3,0,0,2,2,0,0,0,19,1,21
25607,2026-09-27T18:00:00.000+02:00,1,1771,APU Old Wild West Udine,1768,Longobardi Scafati Basket,1,player,9057,PAV-ALE-XX,15,Alessandro,PAVAN,0,0,0,0,0,0,0,0,0,0,0,0,0,0,0,0,0,0,0,0,0,0,0,0,0,0
25607,2026-09-27T18:00:00.000+02:00,1,1771,APU Old Wild West Udine,1768,Longobardi Scafati Basket,1,player,821,BUC-LOR,21,Lorenzo,BUCARELLI,0,12,720,0,0,2,0,4,0,0,1,0,1,2,1,0,0,0,2,0,0,0,0,-4,0,0
25607,2026-09-27T18:00:00.000+02:00,1,1771,APU Old Wild West Udine,1768,Longobardi Scafati Basket,1,player,425,BEN-EIM-90,22,Eimantas,BENDZIUS,0,19,1140,15,0,3,3,5,6,6,0,2,2,0,0,1,0,1,1,4,0,0,0,13,1.25,15
25607,2026-09-27T18:00:00.000+02:00,1,1771,APU Old Wild West Udine,1768,Longobardi Scafati Basket,1,player,9302,BAT-RAE-01,24,Raequan,BATTLE,1,29,1740,18,6,9,2,5,0,0,2,3,5,2,2,3,0,0,1,2,0,0,0,19,1.0588235,31
25607,2026-09-27T18:00:00.000+02:00,1,1771,APU Old Wild West Udine,1768,Longobardi Scafati Basket,1,player,9021,MCG-NIC-96,26,Nick,MCGLYNN,1,21,1260,14,5,7,1,1,1,1,1,3,4,0,1,2,0,0,3,1,0,0,2,13,1.3333333,0
25607,2026-09-27T18:00:00.000+02:00,1,1771,APU Old Wild West Udine,1768,Longobardi Scafati Basket,1,player,7539,GRA-MAT-07,30,Mattia,GRASSI,0,0,0,0,0,0,0,0,0,0,0,0,0,0,0,0,0,0,0,0,0,0,0,0,0,0
25607,2026-09-27T18:00:00.000+02:00,1,1771,APU Old Wild West Udine,1768,Longobardi Scafati Basket,1,player,9030,CAL-AND-01,31,Andrea,CALZAVARA,0,17,1020,6,3,5,0,1,0,0,0,1,1,5,1,2,0,1,4,3,0,0,1,6,0.75,7
25607,2026-09-27T18:00:00.000+02:00,1,1771,APU Old Wild West Udine,1768,Longobardi Scafati Basket,1,player,6562,CAV-MAT-03,34,Matteo,CAVALLERO,0,11,660,0,0,1,0,1,0,0,1,2,3,1,0,1,1,0,0,0,0,0,0,2,0,-11
25607,2026-09-27T18:00:00.000+02:00,1,1771,APU Old Wild West Udine,1768,Longobardi Scafati Basket,1,player,7391,VAL-DEN-93,45,Denzel,VALENTINE,1,28,1680,17,1,2,5,9,0,0,0,6,6,2,1,3,0,1,1,1,0,0,0,17,1.2142857,20
25607,2026-09-27T18:00:00.000+02:00,1,1771,APU Old Wild West Udine,1768,Longobardi Scafati Basket,1,team,,,,,,,,,0,,,,,,,2,3,5,,0,1,,,0,0,0,0,,4,,
25607,2026-09-27T18:00:00.000+02:00,1,1771,APU Old Wild West Udine,1768,Longobardi Scafati Basket,1,total,,,,,,,200,12000,87,22,37,12,32,7,7,13,32,45,22,11,17,4,3,16,13,0,0,4,111,1.0758053125,
25607,2026-09-27T18:00:00.000+02:00,1,1768,Longobardi Scafati Basket,1771,APU Old Wild West Udine,0,player,3200,LEV-ALE,4,Alessandro,LEVER,0,23,1380,8,1,3,2,5,0,0,1,5,6,2,0,2,0,1,3,0,0,0,0,5,0.8,-11
25607,2026-09-27T18:00:00.000+02:00,1,1768,Longobardi Scafati Basket,1771,APU Old Wild West Udine,0,player,2770,IAN-ANT-91,7,Antonio,IANNUZZI,0,6,360,2,1,1,0,0,0,0,0,0,0,0,0,0,0,0,1,0,0,0,0,1,2,0
25607,2026-09-27T18:00:00.000+02:00,1,1768,Longobardi Scafati Basket,1771,APU Old Wild West Udine,0,player,7030,MOO-CHA-98,8,Charlie Edward,MOORE,1,25,1500,7,3,6,0,2,1,2,1,1,2,7,2,5,0,0,2,4,0,0,0,9,0.5,-15
25607,2026-09-27T18:00:00.000+02:00,1,1768,Longobardi Scafati Basket,1771,APU Old Wild West Udine,0,player,6436,SPI-FRA-05,9,Francesco,SPINELLI,0,0,0,0,0,0,0,0,0,0,0,0,0,0,0,0,0,0,0,0,0,0,0,0,0,0
25607,2026-09-27T18:00:00.000+02:00,1,1768,Longobardi Scafati Basket,1771,APU Old Wild West Udine,0,player,1142,CER-MAR-92,11,Marco,CERON,0,12,720,0,0,0,0,2,0,0,1,3,4,1,0,0,0,0,1,0,0,0,0,2,0,-2
25607,2026-09-27T18:00:00.000+02:00,1,1768,Longobardi Scafati Basket,1771,APU Old Wild West Udine,0,player,2293,GAR-NEV-92,12,Garrett,NEVELS,1,32,1920,12,4,7,1,4,1,1,0,2,2,1,2,2,0,0,2,2,0,0,0,9,0.8888889,-17
25607,2026-09-27T18:00:00.000+02:00,1,1768,Longobardi Scafati Basket,1771,APU Old Wild West Udine,0,player,9347,OFF-MEZ-00,13,Mezie,OFFURUM,1,30,1800,12,3,7,2,3,0,0,0,3,3,1,2,3,0,1,3,3,0,0,2,9,0.9230769,-13
25607,2026-09-27T18:00:00.000+02:00,1,1768,Longobardi Scafati Basket,1771,APU Old Wild West Udine,0,player,7319,MCG-ROD-91,17,Rodney,MCGRUDER,1,24,1440,7,1,5,1,4,2,4,1,1,2,1,0,1,0,0,0,4,0,0,0,4,0.5833333,-17
25607,2026-09-27T18:00:00.000+02:00,1,1768,Longobardi Scafati Basket,1771,APU Old Wild West Udine,0,player,9348,ONY-ZER-01,21,Ze'Rik,ONYEMA,1,25,1500,11,5,7,0,0,1,2,2,1,3,1,2,1,3,0,1,2,0,0,3,17,1.2222222,-26
25607,2026-09-27T18:00:00.000+02:00,1,1768,Longobardi Scafati Basket,1771,APU Old Wild West Udine,0,player,3526,MAS-BRU-96,33,Bruno,MASCOLO,0,23,1380,4,1,8,0,2,2,2,2,3,5,2,1,2,0,2,0,1,0,0,0,0,0.3076923,-19
25607,2026-09-27T18:00:00.000+02:00,1,1768,Longobardi Scafati Basket,1771,APU Old Wild West Udine,0,team,,,,,,,,,0,,,,,,,3,3,6,,0,1,,,0,0,0,0,,5,,
25607,2026-09-27T18:00:00.000+02:00,1,1768,Longobardi Scafati Basket,1771,APU Old Wild West Udine,0,total,,,,,,,200,12000,63,19,44,6,22,7,11,11,22,33,16,9,17,3,4,13,16,0,0,5,61,0.9031517,
