team_id,team,year
1765,Acqua S.Bernardo Cantù,2026
1771,APU Old Wild West Udine,2026
1751,Armani Olimpia Milano,2026
1761,BC Roma,2026
1752,Bertram Derthona Tortona,2026
1763,Dolomiti Energia Trentino,2026
1768,Longobardi Scafati Basket,2026
1762,Maxima Roma,2026
1772,Napoli Basketball,2026
1764,Nutribullet Treviso Basket,2026
1766,Openjobmetis Varese,2026
1767,Pallacanestro Trieste,2026
1769,Tezenis Verona,2026
1753,Umana Reyer Venezia,2026
1760,UNA Hotels Reggio Emilia,2026
1750,Virtus Costa Bologna,2026
